"DESCRIPTION","DURATION IN MS","NAME","PARENT SUITE","START TIME","STATUS","STOP TIME","SUB SUITE","SUITE","TEST CLASS","TEST METHOD"
"","20597","TC_QC_032-Verify 'Send Data To Service' action can be created successfully in question conditions","Chrome","2026-04-20","passed","2026-04-20","Question Condition Tests","questionCondition.spec.ts","",""
"","1061","TC_CR_001-Verify 'Add' button is disabled in questionnaire creation when required fields are empty","Chrome","2026-04-20","passed","2026-04-20","Questionnaire Creation Tests","questionnaireCreation.spec.ts","",""
"","4295","TC_QNC_014-Verify condition rule 'All Questionnaires Are Finished' can be created successfully in questionnaire conditions","Chrome","2026-04-20","passed","2026-04-20","Questionnaire Condition Tests","questionnaireCondition.spec.ts","",""
"","21526","TC-QQ-025-Verify LABEL question can be added and displays on the page","Chrome","2026-04-20","passed","2026-04-20","Questionnaire Questions tab Tests","questionnaireQuestions.spec.ts","",""
"","3118","TC_QC_023-Verify 'Set Version Result State' action can be created with action value in question conditions","Chrome","2026-04-20","passed","2026-04-20","Question Condition Tests","questionCondition.spec.ts","",""
"","24072","TC-QQ-038-Verify Stars question can be configured and saved successfully","Chrome","2026-04-20","passed","2026-04-20","Questionnaire Questions tab Tests","questionnaireQuestions.spec.ts","",""
"","5738","TC_QC_025-Verify 'Set Answer To' action can be created with page, action field, and data in question conditions","Chrome","2026-04-20","passed","2026-04-20","Question Condition Tests","questionCondition.spec.ts","",""
"","6743","TC-QQ-013-Verify a question can be locked and unlocked and editability changes accordingly","Chrome","2026-04-20","passed","2026-04-20","Questionnaire Questions tab Tests","questionnaireQuestions.spec.ts","",""
"","43185","TC_QNC_029-Verify 'Update Linked Item OF Type' action can be created successfully in questionnaire conditions","Chrome","2026-04-20","passed","2026-04-20","Questionnaire Condition Tests","questionnaireCondition.spec.ts","",""
"","3171","TC_QC_005-Verify condition name and tab name can be updated in question conditions","Chrome","2026-04-20","passed","2026-04-20","Question Condition Tests","questionCondition.spec.ts","",""
"","3893","TC_QC_017-Verify 'Show' action can be created with page number and action field in question conditions","Chrome","2026-04-20","passed","2026-04-20","Question Condition Tests","questionCondition.spec.ts","",""
"","1860","TC_CR_003-Verify Questionnaire type dropdown contains all four types","Chrome","2026-04-20","passed","2026-04-20","Questionnaire Creation Tests","questionnaireCreation.spec.ts","",""
"","3978","TC_QNC_002-Verify multiple condition tabs can be created and all visible in questionnaire conditions","Chrome","2026-04-20","passed","2026-04-20","Questionnaire Condition Tests","questionnaireCondition.spec.ts","",""
"","1925","TC-QQ-008-Verify all question types are listed under Data, Select, and Widgets tabs","Chrome","2026-04-20","passed","2026-04-20","Questionnaire Questions tab Tests","questionnaireQuestions.spec.ts","",""
"","883","TC_QNC_017-Verify a new action can be added via 'Add Action' button in questionnaire conditions","Chrome","2026-04-20","passed","2026-04-20","Questionnaire Condition Tests","questionnaireCondition.spec.ts","",""
"","1099","TC_IN_002-Verify create button is disabled when no data entered","Chrome","2026-04-20","passed","2026-04-20","Indicators Tab Tests","questionnaireIndicators.spec.ts","",""
"","1303","TC_QNC_024-Verify 'Set Version State To Closed' action can be created successfully in questionnaire conditions","Chrome","2026-04-20","passed","2026-04-20","Questionnaire Condition Tests","questionnaireCondition.spec.ts","",""
"","7613","TC-QQ-029-Verify EMAIL question can be configured and saved successfully","Chrome","2026-04-20","passed","2026-04-20","Questionnaire Questions tab Tests","questionnaireQuestions.spec.ts","",""
"","2431","TC_IN_007-Verify a Key Control Indicator (KCI) can be created successfully","Chrome","2026-04-20","passed","2026-04-20","Indicators Tab Tests","questionnaireIndicators.spec.ts","",""
"","5975","TC-QQ-007-Verify delete button is not visible for a page that contains questions","Chrome","2026-04-20","passed","2026-04-20","Questionnaire Questions tab Tests","questionnaireQuestions.spec.ts","",""
"","599","TC_IN_019-Verify trend type dropdown contains all 2 types","Chrome","2026-04-20","passed","2026-04-20","Indicators Tab Tests","questionnaireIndicators.spec.ts","",""
"","2148","TC_QC_001-Verify a new condition tab can be created with name and description in question conditions","Chrome","2026-04-20","passed","2026-04-20","Question Condition Tests","questionCondition.spec.ts","",""
"","7334","TC-QQ-023-Verify URL question can be configured and saved successfully","Chrome","2026-04-20","passed","2026-04-20","Questionnaire Questions tab Tests","questionnaireQuestions.spec.ts","",""
"","6290","TC-QQ-014-Verify a question can be copied and the duplicate is added to the page","Chrome","2026-04-20","passed","2026-04-20","Questionnaire Questions tab Tests","questionnaireQuestions.spec.ts","",""
"","5907","TC_QC_026-Verify 'Set Item State To' action can be created with all required fields in question conditions","Chrome","2026-04-20","passed","2026-04-20","Question Condition Tests","questionCondition.spec.ts","",""
"","3500","TC-SE-001-Verify Settings tab is selected by default and all required fields are visible","Chrome","2026-04-20","passed","2026-04-20","Questionnaire settings tab Tests","questionnaireSettings.spec.ts","",""
"","1208","TC_IN_021-Verify all 3 checkboxes can be checked and unchecked","Chrome","2026-04-20","passed","2026-04-20","Indicators Tab Tests","questionnaireIndicators.spec.ts","",""
"","2022","TC_QNC_001-Verify a new condition tab can be created with name and description in questionnaire conditions","Chrome","2026-04-20","passed","2026-04-20","Questionnaire Condition Tests","questionnaireCondition.spec.ts","",""
"","2918","TC_QNC_020-Verify 'Disable' action can be created with all required fields in questionnaire conditions","Chrome","2026-04-20","passed","2026-04-20","Questionnaire Condition Tests","questionnaireCondition.spec.ts","",""
"","2351","TC_QNC_007-Verify a new condition rule can be added via 'Add Condition' button in questionnaire conditions","Chrome","2026-04-20","passed","2026-04-20","Questionnaire Condition Tests","questionnaireCondition.spec.ts","",""
"","1437","TC_QC_013-Verify condition rule can be deleted in question conditions","Chrome","2026-04-20","passed","2026-04-20","Question Condition Tests","questionCondition.spec.ts","",""
"","8054","TC-QQ-046-Verify File/Picture modal opens with all configuration fields","Chrome","2026-04-20","passed","2026-04-20","Questionnaire Questions tab Tests","questionnaireQuestions.spec.ts","",""
"","971","TC-SE-010-Verify questionnaire Expiry Time defaults to 30 days and can be updated in settings tab","Chrome","2026-04-20","passed","2026-04-20","Questionnaire settings tab Tests","questionnaireSettings.spec.ts","",""
"","1206","TC_IN_023-Verify able to add formula and weight fields data in formula tab","Chrome","2026-04-20","passed","2026-04-20","Indicators Tab Tests","questionnaireIndicators.spec.ts","",""
"","3523","TC_IN_025-Verify able to delete a formula question in formula tab","Chrome","2026-04-20","passed","2026-04-20","Indicators Tab Tests","questionnaireIndicators.spec.ts","",""
"","3681","TC_QC_010-Verify condition rule of type 'Question' can be created with page, where, operator, data in question conditions","Chrome","2026-04-20","passed","2026-04-20","Question Condition Tests","questionCondition.spec.ts","",""
"","10162","TC-QQ-011-Verify display setting button and all the display options are visible","Chrome","2026-04-20","passed","2026-04-20","Questionnaire Questions tab Tests","questionnaireQuestions.spec.ts","",""
"","834","TC_IN_017-Verify able to add long description and update short Kpi description","Chrome","2026-04-20","passed","2026-04-20","Indicators Tab Tests","questionnaireIndicators.spec.ts","",""
"","845","TC_QNA_003-Verify edit action works in questionnaire","Chrome","2026-04-20","passed","2026-04-20","Questionnaire UI Action Tests","questionnaireUiActions.spec.ts","",""
"","4893","TC_QC_020-Verify 'Enable' action can be created with page, action field, action on in question conditions","Chrome","2026-04-20","passed","2026-04-20","Question Condition Tests","questionCondition.spec.ts","",""
"","955","TC-SE-007-Verify questionnaire name and code fields can be updated and saved in Settings page","Chrome","2026-04-20","passed","2026-04-20","Questionnaire settings tab Tests","questionnaireSettings.spec.ts","",""
"","11445","TC_QNC_032-Verify 'Generate Report And Send To Service' action can be created successfully in questionnaire conditions","Chrome","2026-04-20","passed","2026-04-20","Questionnaire Condition Tests","questionnaireCondition.spec.ts","",""
"","32581","TC-QQ-031-Verify Create and Edit new Answer set","Chrome","2026-04-20","passed","2026-04-20","Questionnaire Questions tab Tests","questionnaireQuestions.spec.ts","",""
"","5011","TC_QNC_012-Verify condition rule of type 'Always' can be created successfully in questionnaire conditions","Chrome","2026-04-20","passed","2026-04-20","Questionnaire Condition Tests","questionnaireCondition.spec.ts","",""
"","35255","TC-QQ-021-Verify Date/Time question can be configured and saved successfully","Chrome","2026-04-20","passed","2026-04-20","Questionnaire Questions tab Tests","questionnaireQuestions.spec.ts","",""
"","4749","TC_IN_010-Verify able to delete an indicator succesfully","Chrome","2026-04-20","passed","2026-04-20","Indicators Tab Tests","questionnaireIndicators.spec.ts","",""
"","7147","TC_QC_027-Verify 'Set Item List Field To' action can be created with all required fields in question conditions","Chrome","2026-04-20","passed","2026-04-20","Question Condition Tests","questionCondition.spec.ts","",""
"","4531","TC_QNC_003-Verify multiple conditions can be added within a single tab in questionnaire conditions","Chrome","2026-04-20","passed","2026-04-20","Questionnaire Condition Tests","questionnaireCondition.spec.ts","",""
"","7919","TC-QQ-044-Verify Information Links question can be configured and saved successfully","Chrome","2026-04-20","passed","2026-04-20","Questionnaire Questions tab Tests","questionnaireQuestions.spec.ts","",""
"","1891","TC_QC_022-Verify 'Show Finish Page' action can be created in question conditions","Chrome","2026-04-20","passed","2026-04-20","Question Condition Tests","questionCondition.spec.ts","",""
"","2610","TC_IN_006-Verify a Key Risk Indicator (KRI) can be created successfully","Chrome","2026-04-20","passed","2026-04-20","Indicators Tab Tests","questionnaireIndicators.spec.ts","",""
"","6444","TC_IN_029-Verify able to configure color set and add label in standard widget tab","Chrome","2026-04-20","passed","2026-04-20","Indicators Tab Tests","questionnaireIndicators.spec.ts","",""
"","12252","TC-QQ-039-Verify Matrix question modal opens with all configuration fields","Chrome","2026-04-20","passed","2026-04-20","Questionnaire Questions tab Tests","questionnaireQuestions.spec.ts","",""
"","1368","TC_QC_015-Verify action type dropdown contains all 19 action types in question conditions","Chrome","2026-04-20","passed","2026-04-20","Question Condition Tests","questionCondition.spec.ts","",""
"","722","TC_CR_007-Verify successful creation of a new questionnaire with type set to 'Audit'","Chrome","2026-04-20","skipped","2026-04-20","Questionnaire Creation Tests","questionnaireCreation.spec.ts","",""
"","848","TC_IN_013-Verify group dropdown conatins all 4 options","Chrome","2026-04-20","passed","2026-04-20","Indicators Tab Tests","questionnaireIndicators.spec.ts","",""
"","4190","TC_IN_012-Verify able to select all perspective types","Chrome","2026-04-20","passed","2026-04-20","Indicators Tab Tests","questionnaireIndicators.spec.ts","",""
"","6021","TC-QQ-010-Verify all action controls (avatar, title, display, disable, lock, copy, delete) are visible on a dropped question","Chrome","2026-04-20","passed","2026-04-20","Questionnaire Questions tab Tests","questionnaireQuestions.spec.ts","",""
"","5923","TC_CR_002-Verify 'This field is required!' validation message appears in questionnaire creation when fields are cleared after entry","Chrome","2026-04-20","passed","2026-04-20","Questionnaire Creation Tests","questionnaireCreation.spec.ts","",""
"","4636","TC_QNC_010-Verify condition rule of type 'Calculation' can be created with formula, operator, value in questionnaire conditions","Chrome","2026-04-20","passed","2026-04-20","Questionnaire Condition Tests","questionnaireCondition.spec.ts","",""
"","7893","TC-QQ-047-Verify File/Picture question can be configured with upload option and saved","Chrome","2026-04-20","passed","2026-04-20","Questionnaire Questions tab Tests","questionnaireQuestions.spec.ts","",""
"","523","TC_IN_009-Verify all fields in the KPI Indicator tab are displayed correctly","Chrome","2026-04-20","passed","2026-04-20","Indicators Tab Tests","questionnaireIndicators.spec.ts","",""
"","8549","TC-QQ-028-Verify Email question modal opens with all configuration fields","Chrome","2026-04-20","passed","2026-04-20","Questionnaire Questions tab Tests","questionnaireQuestions.spec.ts","",""
"","9128","TC-QQ-40-Verify Matrix question can be configured with grid structure and saved","Chrome","2026-04-20","passed","2026-04-20","Questionnaire Questions tab Tests","questionnaireQuestions.spec.ts","",""
"","6193","TC_QC_029-Verify 'Calculate All Linktab KPI' action can be created successfully in question conditions","Chrome","2026-04-20","passed","2026-04-20","Question Condition Tests","questionCondition.spec.ts","",""
"","4288","TC_QC_019-Verify 'UnLock' action can be created with page number and action field in question conditions","Chrome","2026-04-20","passed","2026-04-20","Question Condition Tests","questionCondition.spec.ts","",""
"","3210","TC_QC_024-Verify 'Set Quality State' action can be created with action value in question conditions","Chrome","2026-04-20","passed","2026-04-20","Question Condition Tests","questionCondition.spec.ts","",""
"","4015","TC_QC_011-Verify condition rule of type 'Calculation' can be created with formula, operator, value in question conditions","Chrome","2026-04-20","passed","2026-04-20","Question Condition Tests","questionCondition.spec.ts","",""
"","3733","TC_QC_016-Verify 'Hide' action can be created with page number and action field in question conditions","Chrome","2026-04-20","passed","2026-04-20","Question Condition Tests","questionCondition.spec.ts","",""
"","8063","TC-QQ-020-Verify Date/Time question modal opens with all configuration fields","Chrome","2026-04-20","passed","2026-04-20","Questionnaire Questions tab Tests","questionnaireQuestions.spec.ts","",""
"","6597","TC_QC_037-Verify a condition tab can be deleted in question conditions","Chrome","2026-04-20","passed","2026-04-20","Question Condition Tests","questionCondition.spec.ts","",""
"","3342","TC_IN_028-Verify able to select all widget types","Chrome","2026-04-20","passed","2026-04-20","Indicators Tab Tests","questionnaireIndicators.spec.ts","",""
"","5780","TC-QQ-045-Verify Attributes question can be configured and saved successfully","Chrome","2026-04-20","passed","2026-04-20","Questionnaire Questions tab Tests","questionnaireQuestions.spec.ts","",""
"","1262","TC_IN_004-Verify all fields are displayed in the KPI creation modal","Chrome","2026-04-20","passed","2026-04-20","Indicators Tab Tests","questionnaireIndicators.spec.ts","",""
"","3531","TC-QQ-003-Verify a new page can be added and appears in the page selector dropdown","Chrome","2026-04-20","passed","2026-04-20","Questionnaire Questions tab Tests","questionnaireQuestions.spec.ts","",""
"","459","TC-SE-006-Verify description field accepts input and saves successfully","Chrome","2026-04-20","passed","2026-04-20","Questionnaire settings tab Tests","questionnaireSettings.spec.ts","",""
"","1491","TC_IN_005-Verify KPI type options (KRI, KCI, KPI) are visible under indicators type dropdown","Chrome","2026-04-20","passed","2026-04-20","Indicators Tab Tests","questionnaireIndicators.spec.ts","",""
"","18588","TC_QNC_035-Verify 'Set state of linked item' action can be created successfully in questionnaire conditions","Chrome","2026-04-20","passed","2026-04-20","Questionnaire Condition Tests","questionnaireCondition.spec.ts","",""
"","4059","TC_QNC_011-Verify condition rule of type 'Variable' can be created with where, operator, value in questionnaire conditions","Chrome","2026-04-20","passed","2026-04-20","Questionnaire Condition Tests","questionnaireCondition.spec.ts","",""
"","11697","TC_CR_006-Verify successful creation of a new questionnaire with type set to 'Survey'","Chrome","2026-04-20","passed","2026-04-20","Questionnaire Creation Tests","questionnaireCreation.spec.ts","",""
"","4824","TC_QNC_027-Verify 'Set Value To Variable' action can be created with all required fields in questionnaire conditions","Chrome","2026-04-20","passed","2026-04-20","Questionnaire Condition Tests","questionnaireCondition.spec.ts","",""
"","5774","TC-QQ-016-Verify all fields in TEXT question's Question tab are visible and editable","Chrome","2026-04-20","passed","2026-04-20","Questionnaire Questions tab Tests","questionnaireQuestions.spec.ts","",""
"","5184","TC_QNC_009-Verify condition rule of type 'Questionnaire' can be created with page, where, operator, data in questionnaire conditions","Chrome","2026-04-20","passed","2026-04-20","Questionnaire Condition Tests","questionnaireCondition.spec.ts","",""
"","2630","TC-QQ-001-Verify Questions tab is visible and can be opened successfully","Chrome","2026-04-20","passed","2026-04-20","Questionnaire Questions tab Tests","questionnaireQuestions.spec.ts","",""
"","1082","TC_QNC_016-Verify condition rule can be deleted in questionnaire conditions","Chrome","2026-04-20","passed","2026-04-20","Questionnaire Condition Tests","questionnaireCondition.spec.ts","",""
"","1139","TC_QNA_002-Verify Publish action works in questionnaire","Chrome","2026-04-20","passed","2026-04-20","Questionnaire UI Action Tests","questionnaireUiActions.spec.ts","",""
"","598","TC_QC_009-Verify 'Condition On' dropdown contains: Question, Variable, Calculation in question conditions","Chrome","2026-04-20","passed","2026-04-20","Question Condition Tests","questionCondition.spec.ts","",""
"","47294","TC_QNC_030-Verify 'Update Current Item' action can be created successfully in questionnaire conditions","Chrome","2026-04-20","passed","2026-04-20","Questionnaire Condition Tests","questionnaireCondition.spec.ts","",""
"","771","TC_IN_015-Verify classification dropdown contains all 6 options","Chrome","2026-04-20","passed","2026-04-20","Indicators Tab Tests","questionnaireIndicators.spec.ts","",""
"","4222","TC_QC_003-Verify multiple conditions can be added within a single tab in question conditions","Chrome","2026-04-20","passed","2026-04-20","Question Condition Tests","questionCondition.spec.ts","",""
"","7994","TC_QC_035-Verify an action can be deleted from a condition in question conditions","Chrome","2026-04-20","passed","2026-04-20","Question Condition Tests","questionCondition.spec.ts","",""
"","20752","TC-QQ-012-Verify a question can be enabled and disabled via checkbox","Chrome","2026-04-20","passed","2026-04-20","Questionnaire Questions tab Tests","questionnaireQuestions.spec.ts","",""
"","9697","TC_QNC_031-Verify 'Send Data To Service' action can be created successfully in questionnaire conditions","Chrome","2026-04-20","passed","2026-04-20","Questionnaire Condition Tests","questionnaireCondition.spec.ts","",""
"","3215","TC_QC_012-Verify condition rule of type 'Variable' can be created with where, operator, value in question conditions","Chrome","2026-04-20","passed","2026-04-20","Question Condition Tests","questionCondition.spec.ts","",""
"","3609","TC_QC_002-Verify multiple condition tabs can be created and all visible in question conditions","Chrome","2026-04-20","passed","2026-04-20","Question Condition Tests","questionCondition.spec.ts","",""
"","1070","TC_IN_027-Verify widget type dropdown contains all 5 types","Chrome","2026-04-20","passed","2026-04-20","Indicators Tab Tests","questionnaireIndicators.spec.ts","",""
"","2086","TC_IN_008-Verify a Key Performance Indicator (KPI) can be created successfully","Chrome","2026-04-20","passed","2026-04-20","Indicators Tab Tests","questionnaireIndicators.spec.ts","",""
"","23275","TC-QQ-019-Verify TEXT question can be configured with all text sub-types and saved successfully","Chrome","2026-04-20","passed","2026-04-20","Questionnaire Questions tab Tests","questionnaireQuestions.spec.ts","",""
"","727","TC_IN_011-Verify perspective dropdown contains all 6 options","Chrome","2026-04-20","passed","2026-04-20","Indicators Tab Tests","questionnaireIndicators.spec.ts","",""
"","5718","TC_QC_021-Verify 'Disable' action can be created with page, action field, action on in question conditions","Chrome","2026-04-20","passed","2026-04-20","Question Condition Tests","questionCondition.spec.ts","",""
"","22631","TC-QQ-035-Verify Selection Pull-down modal opens with all configuration fields","Chrome","2026-04-20","passed","2026-04-20","Questionnaire Questions tab Tests","questionnaireQuestions.spec.ts","",""
"","5015","TC_QNC_036-Verify an action can be deleted from a questionnaire condition","Chrome","2026-04-20","passed","2026-04-20","Questionnaire Condition Tests","questionnaireCondition.spec.ts","",""
"","3961","TC_IN_016-Verify able to select all classification types","Chrome","2026-04-20","passed","2026-04-20","Indicators Tab Tests","questionnaireIndicators.spec.ts","",""
"","3102","TC_QNC_028-Verify 'Calculate All Linktab KPI' action can be created successfully in questionnaire conditions","Chrome","2026-04-20","passed","2026-04-20","Questionnaire Condition Tests","questionnaireCondition.spec.ts","",""
"","7029","TC-QQ-017-Verify TEXT question Settings tab opens and all fields are interactable","Chrome","2026-04-20","passed","2026-04-20","Questionnaire Questions tab Tests","questionnaireQuestions.spec.ts","",""
"","13223","TC_CR_005-Verify successful creation of a new questionnaire with type set to 'Form'","Chrome","2026-04-20","passed","2026-04-20","Questionnaire Creation Tests","questionnaireCreation.spec.ts","",""
"","9111","TC-SE-003-Verify each Questionnaire settings checkbox can be checked and unchecked","Chrome","2026-04-20","passed","2026-04-20","Questionnaire settings tab Tests","questionnaireSettings.spec.ts","",""
"","1846","TC_QNC_021-Verify 'Disable Finish of Questionnaire' action can be created successfully in questionnaire conditions","Chrome","2026-04-20","passed","2026-04-20","Questionnaire Condition Tests","questionnaireCondition.spec.ts","",""
"","2008","TC_QC_004-Verify search functionality filters conditions correctly within a tab in question conditions","Chrome","2026-04-20","passed","2026-04-20","Question Condition Tests","questionCondition.spec.ts","",""
"","8684","TC-QQ-030-Verify Multiple choice buttons question modal opens with all configuration fields","Chrome","2026-04-20","passed","2026-04-20","Questionnaire Questions tab Tests","questionnaireQuestions.spec.ts","",""
"","7078","TC-QQ-015-Verify a question can be deleted and is removed from the page","Chrome","2026-04-20","passed","2026-04-20","Questionnaire Questions tab Tests","questionnaireQuestions.spec.ts","",""
"","800","TC_QC_006-Verify 'Trigger On' dropdown contains all three types: Entering, Change a Question, Completing Page in question conditions","Chrome","2026-04-20","passed","2026-04-20","Question Condition Tests","questionCondition.spec.ts","",""
"","60698","TC_QNC_034-Verify 'Import from' action can be created successfully in questionnaire conditions","Chrome","2026-04-20","passed","2026-04-20","Questionnaire Condition Tests","questionnaireCondition.spec.ts","",""
"","19177","TC-QQ-036-Verify Selection Pull-down question can be configured with dropdown options and saved","Chrome","2026-04-20","passed","2026-04-20","Questionnaire Questions tab Tests","questionnaireQuestions.spec.ts","",""
"","4136","TC-QQ-005-Verify a page can be enabled and disabled","Chrome","2026-04-20","passed","2026-04-20","Questionnaire Questions tab Tests","questionnaireQuestions.spec.ts","",""
"","14729","TC_QNC_033-Verify 'Send Email' action can be created successfully in questionnaire conditions","Chrome","2026-04-20","passed","2026-04-20","Questionnaire Condition Tests","questionnaireCondition.spec.ts","",""
"","524","TC_QC_014-Verify a new action can be added via 'Add Action' button in question conditions","Chrome","2026-04-20","passed","2026-04-20","Question Condition Tests","questionCondition.spec.ts","",""
"","1363","TC_QNC_018-Verify action type dropdown contains all 17 action types in questionnaire conditions","Chrome","2026-04-20","passed","2026-04-20","Questionnaire Condition Tests","questionnaireCondition.spec.ts","",""
"","493","TC_QC_008-Verify a new condition rule can be added via 'Add Condition' button in question conditions","Chrome","2026-04-20","passed","2026-04-20","Question Condition Tests","questionCondition.spec.ts","",""
"","8339","TC-QQ-037-Verify Stars question modal opens with all configuration fields","Chrome","2026-04-20","passed","2026-04-20","Questionnaire Questions tab Tests","questionnaireQuestions.spec.ts","",""
"","4373","TC-QQ-006-Verify a page with no questions can be deleted successfully","Chrome","2026-04-20","passed","2026-04-20","Questionnaire Questions tab Tests","questionnaireQuestions.spec.ts","",""
"","2306","TC_QNC_004-Verify search functionality filters conditions correctly within a tab in questionnaire conditions","Chrome","2026-04-20","passed","2026-04-20","Questionnaire Condition Tests","questionnaireCondition.spec.ts","",""
"","903","TC-SE-008-Verify Owner and Created By and updated fields shows correct user in Settings page","Chrome","2026-04-20","passed","2026-04-20","Questionnaire settings tab Tests","questionnaireSettings.spec.ts","",""
"","8148","TC-QQ-022-Verify URL question modal opens with all configuration fields","Chrome","2026-04-20","passed","2026-04-20","Questionnaire Questions tab Tests","questionnaireQuestions.spec.ts","",""
"","3963","TC_QNC_026-Verify 'Set Item List Field To' action can be created with all required fields in questionnaire conditions","Chrome","2026-04-20","passed","2026-04-20","Questionnaire Condition Tests","questionnaireCondition.spec.ts","",""
"","2667","TC-SE-005-Verify questionnaire status can be changed from the Settings tab","Chrome","2026-04-20","passed","2026-04-20","Questionnaire settings tab Tests","questionnaireSettings.spec.ts","",""
"","2551","TC-SE-004-Verify questionnaire type can be changed from Settings tab","Chrome","2026-04-20","passed","2026-04-20","Questionnaire settings tab Tests","questionnaireSettings.spec.ts","",""
"","12742","TC_CR_004-Verify successful creation of a new questionnaire with type set to 'Questionnaire'","Chrome","2026-04-20","passed","2026-04-20","Questionnaire Creation Tests","questionnaireCreation.spec.ts","",""
"","3465","TC_IN_018-Verify able to add data to Code,Units,Explanation,Variable,Trend Margin,Decimals,Target Score,Alarm Score fields","Chrome","2026-04-20","passed","2026-04-20","Indicators Tab Tests","questionnaireIndicators.spec.ts","",""
"","2881","TC_QNC_005-Verify condition name and tab name can be updated in questionnaire conditions","Chrome","2026-04-20","passed","2026-04-20","Questionnaire Condition Tests","questionnaireCondition.spec.ts","",""
"","22975","TC-QQ-026-Verify USER question modal opens with all configuration fields","Chrome","2026-04-20","passed","2026-04-20","Questionnaire Questions tab Tests","questionnaireQuestions.spec.ts","",""
"","2669","TC_IN_024-Verify able to add new formula question in formula tab","Chrome","2026-04-20","passed","2026-04-20","Indicators Tab Tests","questionnaireIndicators.spec.ts","",""
"","4007","TC_QC_007-Verify all three 'Trigger On' types can be selected and respective fields can be configured in question conditions","Chrome","2026-04-20","passed","2026-04-20","Question Condition Tests","questionCondition.spec.ts","",""
"","48985","TC-QQ-032-Verify Multiple Choice Buttons question can be configured with answer set and saved","Chrome","2026-04-20","passed","2026-04-20","Questionnaire Questions tab Tests","questionnaireQuestions.spec.ts","",""
"","9508","TC-QQ-041-Verify Manageable Object modal opens with all configuration fields","Chrome","2026-04-20","passed","2026-04-20","Questionnaire Questions tab Tests","questionnaireQuestions.spec.ts","",""
"","4624","TC_QNC_013-Verify condition rule of type 'Non-Conformity' can be created successfully in questionnaire conditions","Chrome","2026-04-20","passed","2026-04-20","Questionnaire Condition Tests","questionnaireCondition.spec.ts","",""
"","19701","TC_QC_034-Verify 'Send Email' action can be created successfully in question conditions","Chrome","2026-04-20","passed","2026-04-20","Question Condition Tests","questionCondition.spec.ts","",""
"","4120","TC_QC_018-Verify 'Lock' action can be created with page number and action field in question conditions","Chrome","2026-04-20","passed","2026-04-20","Question Condition Tests","questionCondition.spec.ts","",""
"","541","TC-QQ-002-Verify all page fields (page selector, title, drag-drop area, Data/Select/Widgets tabs) are displayed","Chrome","2026-04-20","passed","2026-04-20","Questionnaire Questions tab Tests","questionnaireQuestions.spec.ts","",""
"","2363","TC_QNC_023-Verify 'Set Quality State' action can be created with action value in questionnaire conditions","Chrome","2026-04-20","passed","2026-04-20","Questionnaire Condition Tests","questionnaireCondition.spec.ts","",""
"","22720","TC-QQ-027-Verify USER question can be configured and saved successfully","Chrome","2026-04-20","passed","2026-04-20","Questionnaire Questions tab Tests","questionnaireQuestions.spec.ts","",""
"","318","TC_IN_026-Verify all fields in the KPI Standard Widget tab are displayed correctly","Chrome","2026-04-20","passed","2026-04-20","Indicators Tab Tests","questionnaireIndicators.spec.ts","",""
"","39769","TC-QQ-009-Verify all questions can be dragged and dropped onto the questionnaire page","Chrome","2026-04-20","passed","2026-04-20","Questionnaire Questions tab Tests","questionnaireQuestions.spec.ts","",""
"","589","TC_IN_022-Verify all fields in the KPI Formula tab are displayed correctly","Chrome","2026-04-20","passed","2026-04-20","Indicators Tab Tests","questionnaireIndicators.spec.ts","",""
"","1057","TC-SE-011-Verify Card Photo is displayed and can be upload pictures in settings tab","Chrome","2026-04-20","passed","2026-04-20","Questionnaire settings tab Tests","questionnaireSettings.spec.ts","",""
"","3712","TC_QNC_037-Verify a condition tab can be copied in questionnaire condition","Chrome","2026-04-20","passed","2026-04-20","Questionnaire Condition Tests","questionnaireCondition.spec.ts","",""
"","780","TC-QQ-004-Verify questionnaire page title can be updated and changes are reflected","Chrome","2026-04-20","passed","2026-04-20","Questionnaire Questions tab Tests","questionnaireQuestions.spec.ts","",""
"","2071","TC_QNC_008-Verify 'Condition On' dropdown contains: Question, Variable, Calculation, Always, Non-Conformity, All/Not-All Finished in questionnaire conditions","Chrome","2026-04-20","passed","2026-04-20","Questionnaire Condition Tests","questionnaireCondition.spec.ts","",""
"","55020","TC_QC_030-Verify 'Update Linked Item OF Type' action can be created successfully in question conditions","Chrome","2026-04-20","passed","2026-04-20","Question Condition Tests","questionCondition.spec.ts","",""
"","2248","TC_QNC_022-Verify 'Set Version Result State' action can be created with action value in questionnaire conditions","Chrome","2026-04-20","passed","2026-04-20","Questionnaire Condition Tests","questionnaireCondition.spec.ts","",""
"","102","TC-SE-009-Verify creation and updated date displays in dd-mm-yyyy format and matches creation date","Chrome","2026-04-20","passed","2026-04-20","Questionnaire settings tab Tests","questionnaireSettings.spec.ts","",""
"","2302","TC_IN_014-Verify able to select all group types","Chrome","2026-04-20","passed","2026-04-20","Indicators Tab Tests","questionnaireIndicators.spec.ts","",""
"","10940","TC-QQ-033-Verify Number/Amount question modal opens with all configuration fields","Chrome","2026-04-20","passed","2026-04-20","Questionnaire Questions tab Tests","questionnaireQuestions.spec.ts","",""
"","420","TC_IN_001-Verify Indicators tab is visible and accessible within questionnaire","Chrome","2026-04-20","passed","2026-04-20","Indicators Tab Tests","questionnaireIndicators.spec.ts","",""
"","4742","TC_QNC_015-Verify condition rule 'Not All Questionnaires Are Finished' can be created successfully in questionnaire conditions","Chrome","2026-04-20","passed","2026-04-20","Questionnaire Condition Tests","questionnaireCondition.spec.ts","",""
"","292","TC-SE-002-Verify all 11 settings options are displayed under the Settings tab","Chrome","2026-04-20","passed","2026-04-20","Questionnaire settings tab Tests","questionnaireSettings.spec.ts","",""
"","57264","TC_QC_031-Verify 'Update Current Item' action can be created successfully in question conditions","Chrome","2026-04-20","passed","2026-04-20","Question Condition Tests","questionCondition.spec.ts","",""
"","1913","TC_IN_003-Verify name field is mandatory to create new KPI","Chrome","2026-04-20","passed","2026-04-20","Indicators Tab Tests","questionnaireIndicators.spec.ts","",""
"","7615","TC-QQ-043-Verify Information Links modal opens with all configuration fields","Chrome","2026-04-20","passed","2026-04-20","Questionnaire Questions tab Tests","questionnaireQuestions.spec.ts","",""
"","10061","TC-QQ-042-Verify Manageable Object question can be configured and saved successfully","Chrome","2026-04-20","passed","2026-04-20","Questionnaire Questions tab Tests","questionnaireQuestions.spec.ts","",""
"","3070","TC_QNC_019-Verify 'Enable' action can be created with all required fields in questionnaire conditions","Chrome","2026-04-20","passed","2026-04-20","Questionnaire Condition Tests","questionnaireCondition.spec.ts","",""
"","5899","TC_QNA_001-Verify copy action works in questionnaire","Chrome","2026-04-20","passed","2026-04-20","Questionnaire UI Action Tests","questionnaireUiActions.spec.ts","",""
"","3518","TC_QC_036-Verify a condition tab can be copied in question conditions","Chrome","2026-04-20","passed","2026-04-20","Question Condition Tests","questionCondition.spec.ts","",""
"","26504","TC_QC_033-Verify 'Generate Report And Send To Service' action can be created successfully in question conditions","Chrome","2026-04-20","passed","2026-04-20","Question Condition Tests","questionCondition.spec.ts","",""
"","6644","TC-QQ-024-Verify Label question modal opens with all configuration fields","Chrome","2026-04-20","passed","2026-04-20","Questionnaire Questions tab Tests","questionnaireQuestions.spec.ts","",""
"","7769","TC-QQ-018-Verify TEXT question Explanation tab opens and toggle can be enabled/disabled","Chrome","2026-04-20","passed","2026-04-20","Questionnaire Questions tab Tests","questionnaireQuestions.spec.ts","",""
"","21703","TC-QQ-034-Verify Number/Amount question can be configured and saved successfully","Chrome","2026-04-20","passed","2026-04-20","Questionnaire Questions tab Tests","questionnaireQuestions.spec.ts","",""
"","1242","TC_IN_020-Verify able to select all trend types","Chrome","2026-04-20","passed","2026-04-20","Indicators Tab Tests","questionnaireIndicators.spec.ts","",""
"","3791","TC_QNC_025-Verify 'Set Item State To' action can be created with all required fields in questionnaire conditions","Chrome","2026-04-20","passed","2026-04-20","Questionnaire Condition Tests","questionnaireCondition.spec.ts","",""
"","419","TC_QNC_006-Verify pre/post toggle can be switched and state updates correctly in questionnaire conditions","Chrome","2026-04-20","passed","2026-04-20","Questionnaire Condition Tests","questionnaireCondition.spec.ts","",""
"","5185","TC_QNC_038-Verify a condition tab can be deleted in questionnaire condition","Chrome","2026-04-20","passed","2026-04-20","Questionnaire Condition Tests","questionnaireCondition.spec.ts","",""
"","8268","TC_QC_028-Verify 'Set Value To Variable' action can be created with all required fields in question conditions","Chrome","2026-04-20","passed","2026-04-20","Question Condition Tests","questionCondition.spec.ts","",""
